{
  "timestamp": "2025-10-15T21:26:23.744252",
  "baseline_metrics": {
    "auc": 0.9308610400682013,
    "pr_auc": 0.17819664262256033,
    "ks": 0.7926683716965047,
    "brier": 0.019422842041954495
  },
  "current_metrics": {
    "auc": 0.9308610400682013,
    "pr_auc": 0.17819664262256033,
    "ks": 0.7926683716965047,
    "brier": 0.019422842041954495
  },
  "alerts": {
    "auc": false,
    "brier": false,
    "ks": false
  },
  "psi_severe_count": 0
}