{
  "auc": 0.9245751633986927,
  "pr_auc": 0.1607762815535265,
  "ks": 0.7832338732594487,
  "brier": 0.019605511626315898
}