{
  "auc": 0.9308610400682013,
  "pr_auc": 0.17819664262256033,
  "ks": 0.7926683716965047,
  "brier": 0.019422842041954495
}