{
  "percentiles": {
    "red_pct": 0.05,
    "amber_pct": 0.1
  },
  "thresholds": {
    "red": 0.160679509835508,
    "amber": 0.03242320035476458
  }
}