{
  "percentiles": {
    "red_pct": 0.05,
    "amber_pct": 0.1
  },
  "thresholds": {
    "red": 0.1570847811192555,
    "amber": 0.03338155696490205
  }
}